{"mean":{"confidence_interval":{"confidence_level":0.95,"lower_bound":106058668.78075,"upper_bound":106275646.515},"point_estimate":106154339.35,"standard_error":56039.90682107817},"median":{"confidence_interval":{"confidence_level":0.95,"lower_bound":105931647.0,"upper_bound":106030265.0},"point_estimate":105994182.5,"standard_error":19959.507422232706},"median_abs_dev":{"confidence_interval":{"confidence_level":0.95,"lower_bound":155020.13433784252,"upper_bound":339394.56207454205},"point_estimate":229242.57313013077,"standard_error":43923.61975947442},"slope":null,"std_dev":{"confidence_interval":{"confidence_level":0.95,"lower_bound":251881.55347046602,"upper_bound":831297.8210476871},"point_estimate":563350.983940415,"standard_error":156412.94175404255}}