{"mean":{"confidence_interval":{"confidence_level":0.95,"lower_bound":379.8792321910629,"upper_bound":382.67490671044453},"point_estimate":381.05174561038365,"standard_error":0.726194336197518},"median":{"confidence_interval":{"confidence_level":0.95,"lower_bound":378.8721156240408,"upper_bound":379.51742937564245},"point_estimate":379.0431395974515,"standard_error":0.2032636529714742},"median_abs_dev":{"confidence_interval":{"confidence_level":0.95,"lower_bound":0.1686579752525846,"upper_bound":1.057054059352008},"point_estimate":0.4503531287151709,"standard_error":0.27459539064470145},"slope":{"confidence_interval":{"confidence_level":0.95,"lower_bound":379.18822864251234,"upper_bound":380.1302927783572},"point_estimate":379.54930205753055,"standard_error":0.25171900945522346},"std_dev":{"confidence_interval":{"confidence_level":0.95,"lower_bound":2.2196925019791873,"upper_bound":11.511410547468719},"point_estimate":7.308958952023539,"standard_error":2.5559669725052245}}