{"mean":{"confidence_interval":{"confidence_level":0.95,"lower_bound":155283.05321240335,"upper_bound":155364.42230210983},"point_estimate":155319.62323003044,"standard_error":20.88680271339019},"median":{"confidence_interval":{"confidence_level":0.95,"lower_bound":155262.20172759052,"upper_bound":155301.06302521008},"point_estimate":155278.52968487708,"standard_error":10.312867356827594},"median_abs_dev":{"confidence_interval":{"confidence_level":0.95,"lower_bound":64.04244827917333,"upper_bound":118.54319466779671},"point_estimate":92.66192961163931,"standard_error":14.435556792429358},"slope":{"confidence_interval":{"confidence_level":0.95,"lower_bound":155304.37113388485,"upper_bound":155377.46576275612},"point_estimate":155337.93133441702,"standard_error":18.697066694687855},"std_dev":{"confidence_interval":{"confidence_level":0.95,"lower_bound":115.92119701986564,"upper_bound":305.77520741049096},"point_estimate":209.3764092739529,"standard_error":54.37551476475694}}