{"mean":{"confidence_interval":{"confidence_level":0.95,"lower_bound":2569299.654825,"upper_bound":2571051.8405999998},"point_estimate":2570135.4845000003,"standard_error":445.98892318606954},"median":{"confidence_interval":{"confidence_level":0.95,"lower_bound":2568141.5,"upper_bound":2570242.05},"point_estimate":2569076.875,"standard_error":489.7891022218371},"median_abs_dev":{"confidence_interval":{"confidence_level":0.95,"lower_bound":2606.336623727861,"upper_bound":4185.824505687174},"point_estimate":3494.636397957595,"standard_error":386.57658369825276},"slope":null,"std_dev":{"confidence_interval":{"confidence_level":0.95,"lower_bound":3415.1942450862475,"upper_bound":5447.500207492781},"point_estimate":4471.856799805247,"standard_error":521.5562705970394}}