{"mean":{"confidence_interval":{"confidence_level":0.95,"lower_bound":1309.8842609961227,"upper_bound":1315.342599938857},"point_estimate":1312.0764889942102,"standard_error":1.433393993351945},"median":{"confidence_interval":{"confidence_level":0.95,"lower_bound":1308.1936802270577,"upper_bound":1309.0324503311258},"point_estimate":1308.4351625937545,"standard_error":0.19452750856306905},"median_abs_dev":{"confidence_interval":{"confidence_level":0.95,"lower_bound":0.6247776110933574,"upper_bound":1.8761158065527879},"point_estimate":1.0848883014790471,"standard_error":0.31034495420112745},"slope":{"confidence_interval":{"confidence_level":0.95,"lower_bound":1309.4718113168462,"upper_bound":1311.6938086043358},"point_estimate":1310.4325746547572,"standard_error":0.5726467048639021},"std_dev":{"confidence_interval":{"confidence_level":0.95,"lower_bound":4.409859508449126,"upper_bound":23.133260363701687},"point_estimate":14.338425958963375,"standard_error":5.771925617982358}}