{"mean":{"confidence_interval":{"confidence_level":0.95,"lower_bound":11508247.582250003,"upper_bound":11543575.954000004},"point_estimate":11525641.673999997,"standard_error":9031.516484357528},"median":{"confidence_interval":{"confidence_level":0.95,"lower_bound":11462405.6,"upper_bound":11577268.899999999},"point_estimate":11477613.1,"standard_error":25051.388867088906},"median_abs_dev":{"confidence_interval":{"confidence_level":0.95,"lower_bound":28490.827174187812,"upper_bound":138136.3377285917},"point_estimate":57629.105756878576,"standard_error":33920.3266696699},"slope":null,"std_dev":{"confidence_interval":{"confidence_level":0.95,"lower_bound":79917.00836632017,"upper_bound":101683.18222906151},"point_estimate":90208.07550780778,"standard_error":5659.3377478070115}}