{"mean":{"confidence_interval":{"confidence_level":0.95,"lower_bound":11341228.736149995,"upper_bound":11357937.542899998},"point_estimate":11349128.209999997,"standard_error":4250.973359480308},"median":{"confidence_interval":{"confidence_level":0.95,"lower_bound":11336793.0,"upper_bound":11359073.749999996},"point_estimate":11347189.2,"standard_error":6835.025960107606},"median_abs_dev":{"confidence_interval":{"confidence_level":0.95,"lower_bound":27859.23958539935,"upper_bound":44255.01617431585},"point_estimate":37337.35295713114,"standard_error":3874.2048996916483},"slope":null,"std_dev":{"confidence_interval":{"confidence_level":0.95,"lower_bound":29456.847437791595,"upper_bound":56487.71528927688},"point_estimate":42853.53650093614,"standard_error":7174.016257515943}}