{"mean":{"confidence_interval":{"confidence_level":0.95,"lower_bound":61259146.191,"upper_bound":61303961.89425},"point_estimate":61279511.41,"standard_error":11470.484373981732},"median":{"confidence_interval":{"confidence_level":0.95,"lower_bound":61244633.0,"upper_bound":61264271.0},"point_estimate":61254473.0,"standard_error":5111.265361438211},"median_abs_dev":{"confidence_interval":{"confidence_level":0.95,"lower_bound":41804.87145781517,"upper_bound":70046.91835641861},"point_estimate":58793.98455619812,"standard_error":7135.486264978374},"slope":null,"std_dev":{"confidence_interval":{"confidence_level":0.95,"lower_bound":62917.57849018076,"upper_bound":161153.97103401832},"point_estimate":115432.1585137055,"standard_error":25273.682672836414}}