{"mean":{"confidence_interval":{"confidence_level":0.95,"lower_bound":6707651.4619375,"upper_bound":6729542.52340625},"point_estimate":6718003.53875,"standard_error":5600.688071026209},"median":{"confidence_interval":{"confidence_level":0.95,"lower_bound":6698370.125,"upper_bound":6717184.75},"point_estimate":6707721.5,"standard_error":4035.971814965697},"median_abs_dev":{"confidence_interval":{"confidence_level":0.95,"lower_bound":23746.618453413248,"upper_bound":43007.16737397015},"point_estimate":33909.099972993135,"standard_error":4953.477607197013},"slope":null,"std_dev":{"confidence_interval":{"confidence_level":0.95,"lower_bound":40753.216133476904,"upper_bound":69929.34034649693},"point_estimate":56246.95063699969,"standard_error":7459.76488816702}}