{"mean":{"confidence_interval":{"confidence_level":0.95,"lower_bound":11453665.764699994,"upper_bound":11485905.1858},"point_estimate":11469463.282000003,"standard_error":8233.223704169519},"median":{"confidence_interval":{"confidence_level":0.95,"lower_bound":11417292.3,"upper_bound":11500514.8},"point_estimate":11428193.3,"standard_error":19340.309419646896},"median_abs_dev":{"confidence_interval":{"confidence_level":0.95,"lower_bound":35302.039713264065,"upper_bound":123265.28919160477},"point_estimate":68066.01653158858,"standard_error":23918.21978501955},"slope":null,"std_dev":{"confidence_interval":{"confidence_level":0.95,"lower_bound":71333.0471084368,"upper_bound":96415.93562925},"point_estimate":83012.34244891928,"standard_error":6578.344470278205}}