{"mean":{"confidence_interval":{"confidence_level":0.95,"lower_bound":59440967.93,"upper_bound":59481520.5},"point_estimate":59459613.91,"standard_error":10362.988233768649},"median":{"confidence_interval":{"confidence_level":0.95,"lower_bound":59444483.0,"upper_bound":59468992.5},"point_estimate":59456660.0,"standard_error":6001.7900895392095},"median_abs_dev":{"confidence_interval":{"confidence_level":0.95,"lower_bound":34999.53372113408,"upper_bound":64043.129763007164},"point_estimate":49243.07552576065,"standard_error":7328.372376253714},"slope":null,"std_dev":{"confidence_interval":{"confidence_level":0.95,"lower_bound":58311.30509808854,"upper_bound":144371.9229272408},"point_estimate":103981.46796493756,"standard_error":22334.38461243267}}